{
  "type": "create:crushing",
  "ingredients": [
    {
      "tag": "forge:ores/azure_silver"
    }
  ],
  "results": [
    {
      "item": "silentgear:azure_silver_chunks",
      "count": 2
    },
    {
      "item": "silentgear:azure_silver_chunks",
         "chance": 0.5
    },
    {
      "item": "minecraft:cobblestone",
      "chance": 0.125
    }
  ],
  "processingTime": 400,
  "conditions": [
    {
      "value": {
        "tag": "forge:ores/azure_silver",
        "type": "forge:tag_empty"
      },
      "type": "forge:not"
    }
  ]
}