{
  "aaafd2fe-1447-4341-8a48-717c29b37423": {
    "name": "KsaatLike",
    "ranks": {}
  },
  "f479f508-0dee-4c15-8837-a3928e458782": {
    "name": "dk_bhn",
    "ranks": {
      "vip": "2021-03-21T19:51:17.907684Z",
      "admin": "2021-03-21T19:56:28.983082Z"
    }
  },
  "fb41c9c3-bfc1-4f6a-9126-be8e43cd1dae": {
    "name": "Zerret",
    "ranks": {
      "admin": "2021-03-21T22:25:29.692780Z"
    }
  },
  "91b70a81-ef64-49ac-93b2-32e87006f4a9": {
    "name": "daydex",
    "ranks": {
      "member": "2021-03-17T19:54:13.569250Z"
    }
  },
  "70ca2ad6-8fca-4cdf-87e0-68d0a9982a06": {
    "name": "Dazohan",
    "ranks": {
      "vip": "2021-03-21T20:20:41.433127Z"
    }
  },
  "7fefa8ac-4be9-4b58-8e7b-a5a90a77cd0b": {
    "name": "dadat30",
    "ranks": {
      "vip": "2021-03-21T20:20:23.702947Z"
    }
  },
  "a599d882-a855-408b-92fa-f07a8f45e2e2": {
    "name": "Jactin",
    "ranks": {}
  },
  "80c793b7-ed7c-4f79-a974-d64e3c9719b2": {
    "name": "suzy_browneyes",
    "ranks": {
      "vip": "2021-03-21T20:19:24.456238Z"
    }
  },
  "b6fa138a-3d40-4b0c-a88e-6356ca113c74": {
    "name": "Atrocities",
    "ranks": {
      "vip": "2021-03-21T20:20:34.393364Z"
    }
  },
  "c575f155-f091-4881-8958-7049526f6616": {
    "name": "christian7689",
    "ranks": {
      "admin": "2021-03-21T20:18:51.328465Z"
    }
  },
  "4ae31acb-42df-470a-be8e-4536bdec8105": {
    "name": "ClaudiusMinimus",
    "ranks": {
      "vip": "2021-03-21T20:22:05.142841Z"
    }
  }
}